{"stat.useItem.minecraft.brick_stairs":2,"stat.useItem.minecraft.bow":212,"stat.useItem.minecraft.end_bricks":1,"stat.useItem.minecraft.chain_command_block":122,"stat.useItem.minecraft.quartz_block":9,"stat.pickup.minecraft.redstone_torch":1,"stat.useItem.minecraft.repeater":70,"stat.useItem.minecraft.iron_axe":63,"stat.leaveGame":176,"stat.useItem.minecraft.skull":5,"stat.useItem.minecraft.repeating_command_block":32,"stat.useItem.minecraft.diamond_sword":18,"stat.useItem.minecraft.glowstone":270,"stat.pickup.minecraft.fishing_rod":5,"stat.swimOneCm":436047,"stat.climbOneCm":79485,"stat.useItem.minecraft.end_rod":12,"stat.useItem.minecraft.nether_brick_stairs":274,"stat.pickup.minecraft.golden_boots":2,"stat.useItem.minecraft.redstone_torch":160,"stat.useItem.minecraft.dirt":92,"stat.pickup.minecraft.bow":7,"achievement.exploreAllBiomes":{"value":0,"progress":["Plains"]},"stat.useItem.minecraft.water_bucket":1268,"stat.pickup.minecraft.sand":194,"stat.pickup.minecraft.splash_potion":12,"stat.useItem.minecraft.detector_rail":19,"stat.useItem.minecraft.purpur_stairs":441,"stat.useItem.minecraft.rail":575,"stat.aviateOneCm":1468842,"stat.useItem.minecraft.anvil":8,"stat.useItem.minecraft.brick_block":1059,"stat.flyOneCm":24564804,"stat.drop.minecraft.sand":1,"stat.killEntity.Villager":16,"stat.pickup.minecraft.redstone":1,"stat.timeSinceDeath":119568,"stat.useItem.minecraft.sign":49,"stat.drop.minecraft.diamond":1,"stat.useItem.minecraft.iron_door":8,"stat.drop.minecraft.coal":27,"stat.drop.minecraft.rail":1,"stat.useItem.minecraft.lever":85,"stat.pickup.minecraft.stonebrick":2,"stat.drop.minecraft.stained_glass":2,"stat.pickup.minecraft.wooden_button":1,"stat.talkedToVillager":6,"stat.useItem.minecraft.minecart":36,"stat.useItem.minecraft.purpur_pillar":603,"stat.useItem.minecraft.redstone":681,"stat.useItem.minecraft.sea_lantern":569,"stat.useItem.minecraft.dropper":26,"stat.sprintOneCm":902273,"stat.useItem.minecraft.stained_glass":5288,"stat.useItem.minecraft.diamond_block":6,"stat.useItem.minecraft.stone_slab":47,"stat.useItem.minecraft.ice":116,"achievement.openInventory":1089,"stat.useItem.minecraft.flint_and_steel":69,"stat.useItem.minecraft.wooden_button":103,"stat.drop.minecraft.nether_brick_stairs":1,"stat.useItem.minecraft.stone_pressure_plate":3,"stat.drop.minecraft.lava_bucket":3,"stat.pickup.minecraft.emerald":5,"stat.useItem.minecraft.dye":13,"stat.useItem.minecraft.bucket":12,"stat.deaths":4,"stat.drop":110,"stat.useItem.minecraft.furnace_minecart":1,"stat.playOneMinute":2714666,"stat.useItem.minecraft.nether_brick":446,"stat.useItem.minecraft.ladder":193,"stat.useItem.minecraft.purpur_block":950,"stat.killEntity.Zombie":289,"stat.drop.minecraft.chest":2,"stat.pickup.minecraft.fire_charge":4,"stat.diveOneCm":717201,"stat.chestOpened":241,"stat.useItem.minecraft.splash_potion":124,"stat.useItem.minecraft.sticky_piston":143,"stat.useItem.minecraft.stone":3593,"stat.useItem.minecraft.quartz_stairs":1003,"stat.useItem.minecraft.sponge":56,"stat.pickup.minecraft.arrow":7,"stat.useItem.minecraft.diamond_axe":144,"stat.useItem.minecraft.stained_glass_pane":41,"stat.useItem.minecraft.packed_ice":866,"stat.jump":9199,"stat.useItem.minecraft.sand":45,"stat.pickup.minecraft.coal":4,"stat.fallOneCm":20050,"stat.drop.minecraft.stone":5,"stat.drop.minecraft.dye":49,"stat.useItem.minecraft.piston":12,"stat.useItem.minecraft.stone_axe":1,"stat.crouchOneCm":283470,"stat.pickup.minecraft.rail":1,"stat.useItem.minecraft.stone_button":78,"stat.drop.minecraft.glowstone":2,"stat.drop.minecraft.stained_glass_pane":1,"stat.dropperInspected":61,"stat.useItem.minecraft.glass":1,"stat.useItem.minecraft.sapling":1,"stat.useItem.minecraft.redstone_lamp":80,"stat.pickup.minecraft.iron_axe":11,"stat.useItem.minecraft.golden_rail":271,"stat.damageTaken":1466,"stat.useItem.minecraft.stone_brick_stairs":2901,"stat.useItem.minecraft.gold_block":863,"stat.pickup.minecraft.dye":117,"stat.useItem.minecraft.slime":17,"stat.useItem.minecraft.stone_sword":16,"stat.damageDealt":14816,"stat.useItem.minecraft.wool":43,"stat.pickup.minecraft.minecart":47,"stat.useItem.minecraft.command_block":107,"stat.walkOneCm":6702262,"stat.useItem.minecraft.torch":8,"stat.useItem.minecraft.bread":14,"stat.useItem.minecraft.chest":90,"stat.drop.minecraft.stone_brick_stairs":2,"stat.drop.minecraft.fire_charge":1,"stat.useItem.minecraft.log":2,"stat.useItem.minecraft.comparator":8,"stat.useItem.minecraft.emerald_block":1,"stat.useItem.minecraft.lava_bucket":1225,"stat.minecartOneCm":762,"stat.drop.minecraft.stonebrick":5,"stat.useItem.minecraft.redstone_block":275,"stat.useItem.minecraft.item_frame":7,"stat.pickup.minecraft.stone":2,"stat.drop.minecraft.emerald":5,"stat.useItem.minecraft.stained_hardened_clay":663,"stat.pickup.minecraft.ladder":43,"stat.useItem.minecraft.netherrack":413,"stat.useItem.minecraft.prismarine":6666,"stat.drop.minecraft.nether_brick":1,"stat.useItem.minecraft.iron_block":2,"stat.drop.minecraft.dropper":1,"stat.pickup.minecraft.bread":174,"stat.useItem.minecraft.daylight_detector":20,"stat.mobKills":331,"stat.useItem.minecraft.stonebrick":17444,"stat.pickup.minecraft.water_bucket":1,"stat.pickup.minecraft.diamond":33,"stat.sneakTime":130674,"stat.pickup.minecraft.wool":28,"stat.pickup.minecraft.stone_slab":1,"stat.useItem.minecraft.fishing_rod":492}