{
    "pools": [
        {
            "rolls": 1,
            "entries": [
                {
                    "type": "item",
                    "name": "minecraft:coal",
                    "weight": 1,
                    "conditions": [
                        {
                            "condition": "minecraft:entity_properties",
                            "entity": "this",
                            "properties": {
                                "minecraft:on_fire": true
                            }
                        }
                    ]
                }
				
            ]
        }
    ]
}